{"episode_reward": [-3.5, -5.0, -2.5, -0.5, -3.5, -3.5, -4.0, -3.0, -2.5, -6.0, -8.5, 0.5, -1.5, -0.5, -4.5, -5.0, -2.0, -4.5, -5.0], "duration": [49.30775195920117, 61.62754460470816, 35.79248128989488, 36.12016091754782, 36.62880816402247, 36.39370402301472, 38.103795467608165, 38.954920506761766, 36.370714770111306, 37.191860686123334, 36.708303683024496, 33.10450175316953, 33.51566068490695, 34.4900553624484, 36.31556595597158, 34.14418298954183, 35.538419577718855, 35.44573005142422, 33.04620544470902], "episode": [0, 1, 2, 3, 4, 5, 6, 7, 8, 9, 10, 11, 12, 13, 14, 15, 16, 17, 18], "loss": [NaN, NaN, NaN, NaN, NaN, NaN, NaN, NaN, NaN, NaN, NaN, NaN, NaN, NaN, NaN, NaN, NaN, NaN, NaN], "nb_steps": [51, 102, 153, 204, 255, 306, 357, 408, 459, 510, 561, 612, 663, 714, 765, 816, 867, 918, 969], "mean_q": [NaN, NaN, NaN, NaN, NaN, NaN, NaN, NaN, NaN, NaN, NaN, NaN, NaN, NaN, NaN, NaN, NaN, NaN, NaN], "mean_eps": [NaN, NaN, NaN, NaN, NaN, NaN, NaN, NaN, NaN, NaN, NaN, NaN, NaN, NaN, NaN, NaN, NaN, NaN, NaN], "nb_episode_steps": [51, 51, 51, 51, 51, 51, 51, 51, 51, 51, 51, 51, 51, 51, 51, 51, 51, 51, 51], "mean_absolute_error": [NaN, NaN, NaN, NaN, NaN, NaN, NaN, NaN, NaN, NaN, NaN, NaN, NaN, NaN, NaN, NaN, NaN, NaN, NaN]}